Fund Name,Topsis Score,Rank
M1,0.5598720690632016,3.0
M2,0.508368308195475,5.0
M3,0.7037758597876455,1.0
M4,0.43766655185521036,6.0
M5,0.6354338912589208,2.0
M6,0.3652127960029523,8.0
M7,0.5141284335271136,4.0
M8,0.39070825226162814,7.0
